{"timestamp":"2025-08-11T00:06:28.654Z","year":2025,"week":32,"response":{"package":"yarn","downloads":{"1.2.1":87,"0.23.4":18,"1.0.2":270,"1.22.6":34,"1.17.3":5597,"1.6.0":203,"0.27.4":18,"0.19.1":19,"0.27.1":18,"0.24.0":15,"1.22.14":8,"0.24.1":18,"2.4.3":5383,"1.17.0":37,"1.17.1":13,"0.27.3":17,"1.0.0":865,"0.18.0":20,"0.17.10":14,"1.22.8":15,"1.21.0":215,"1.22.1":2443,"1.15.0":19,"1.7.0":627,"0.25.1":16,"1.5.0":23,"1.22.13":1724,"1.22.7":47,"1.12.3":1134,"1.10.0":50,"0.19.0":21,"1.19.2":1301,"1.22.21":101963,"1.9.2":33,"1.2.0":20,"0.17.0":15,"0.1.1":11,"1.8.0":18,"0.26.0":15,"1.11.0":13,"0.24.3":19,"0.16.1":114,"0.21.3":34,"0.23.2":19,"2.0.0-rc.24":5,"1.3.2":808,"0.17.4":19,"0.24.4":15,"1.22.22":4867189,"0.27.2":18,"1.22.0":4337,"1.14.0":14,"1.21.1":146960,"1.22.19":551802,"1.22.18":40278,"0.15.1":16,"0.17.6":15,"0.26.1":18,"1.22.5":49813,"1.22.10":60227,"1.16.0":3849,"0.17.3":13,"0.1.3":14,"1.22.15":16331,"0.20.0":14,"0.24.6":181,"0.20.3":43,"1.12.0":39,"0.27.0":21,"0.17.9":23,"1.22.11":8392,"0.24.5":16,"0.23.1":14,"0.25.4":38,"1.9.1":326,"1.22.4":42721,"1.22.17":51791,"1.15.1":11,"0.28.1":17,"1.12.1":416,"1.22.16":7,"0.17.8":15,"0.23.0":19,"0.18.2":13,"0.25.2":30,"0.25.3":17,"0.17.5":17,"1.15.2":10793,"0.24.2":15,"2.0.0-rc.27":11,"1.22.22.tgz?spm=a2ty_o01.29997173.0.0.8049c921hH4akl&file=yarn-4.4.0":1,"1.17.2":19,"1.22.20":311,"0.1.2":12,"1.22.12":21,"1.10.1":13954,"1.19.1":25767,"1.19.0":2026,"1.1.0":41,"0.27.5":200,"1.9.4":591,"0.21.2":22,"0.1.0":16,"0.21.0":15,"0.16.0":15,"0.17.7":17,"1.11.1":22,"0.28.4":101,"0.23.3":13,"0.17.2":17,"0.18.1":24,"0.21.1":21,"0.20.4":21,"1.13.0":1943,"1.0.1":16,"1.4.0":255,"1.22.9":153,"0.22.0":20,"1.3.1":14,"1.18.0":5623,"1.5.1":268,"1.22.22.tgz?spm=a2ty_o01.29997173.0.0.8049c921hH4akl&file=yarn-1.22.22":1}}}