{"timestamp":"2026-04-20T00:14:48.422Z","year":2026,"week":16,"response":{"package":"npm","downloads":{"1.1.25":37,"7.20.1":2528,"1.4.10":51,"3.2.1":174,"6.0.0":516,"7.15.1":369,"5.0.1":93,"2.0.0-alpha.6.0":3,"7.6.1":200,"9.4.1":419,"10.9.0":93719,"10.4.0":13714,"5.1.0":44724,"1.3.2":50,"2.2.0":40,"2.14.11":34,"2.14.18":75,"7.0.9":98,"3.1.3":42,"3.10.2":304,"7.0.8":86,"1.4.24":29,"2.1.0":23,"3.2.2":147,"7.0.0-rc.1":4,"8.14.0":1158,"6.14.18.tgz?spm=5176.28103460.0.0.2ad36308bx128B&file=npm-6.14.18":1,"1.3.14":281,"10.9.8":1023850,"11.4.0":5080,"6.14.17":19963,"9.0.0-pre.2":5,"8.1.2":10228,"4.1.1":100,"4.2.0":369,"1.4.14":58,"2.14.6":30,"3.8.2":59,"9.8.1":99222,"7.23.0":747,"4.0.2":230,"6.13.3":518,"7.0.10":72,"2.13.1":121,"1.3.11":305,"1.4.5":102,"1.5.0-alpha-1":8,"5.0.2":69,"1.2.21":22,"7.5.1":111,"2.0.0-beta.1":4,"2.15.7":15,"7.6.3":657,"1.2.23":22,"2.13.0":112,"10.5.1":6725,"1.3.5":52,"7.20.6":881,"7.22.0":1039,"5.2.0":164,"7.0.0-beta.10":9,"11.3.0":34343,"7.0.0-rc.2":10,"3.3.10":105,"2.8.4":51,"6.10.2-next.0":4,"7.0.0-beta.2":4,"6.10.1-next.1":4,"8.19.0":5047,"6.4.1":18217,"8.1.4":4129,"11.0.0":59231,"10.9.2":377159,"11.6.1":28102,"6.13.4":10146,"5.8.0":2093,"8.16.0":2245,"2.15.3":57,"2.14.15":128,"1.2.24":31,"3.3.8":81,"7.0.14":117,"2.7.0":799,"9.9.1":668,"5.10.0":33581,"3.10.6":1892,"7.11.1":788,"6.10.2-next.1":14,"2.14.9":34,"4.4.4":49,"9.6.0":1160,"4.5.0":365,"3.5.4":4501,"1.4.13":38,"7.5.3":219,"3.8.5":69,"2.7.4":65,"9.1.2":909,"6.14.18":312326,"5.5.1":2122,"1.4.27":44,"6.14.18.tgz?spm=5176.28103460.0.0.6a0b491beBHRE3&file=npm-6.14.18":1,"3.9.5":114,"2.12.1":73,"2.1.13":20,"2.1.12":98,"9.9.2":12102,"8.5.5":14476,"2.0.0-beta.0":9,"7.7.4":570,"2.14.16":16,"8.3.2":5950,"1.3.6":56,"2.14.3":48,"7.0.0-beta.11":4,"7.4.1":36,"5.0.4":77,"4.0.0":38,"6.9.0":13122,"11.4.1":24881,"8.5.2":746,"6.10.1":804,"7.7.5":240,"2.1.14":18,"7.21.0":980,"9.5.0":45433,"2.14.0":30,"5.3.0":2260,"2.1.5":196,"3.9.0":42,"6.0.0-next.2":10,"2.1.18":272,"7.19.1":1875,"3.5.0":47,"7.7.0":107,"3.8.6":488,"2.9.0":59,"8.2.0":918,"2.1.16":26,"3.9.1":39,"7.0.4":47,"1.3.8":74,"7.7.3":45,"10.8.2":180119,"6.14.15":22466,"2.1.8":653,"6.9.2":1767,"8.13.0":302,"3.9.3":249,"7.18.0":50,"8.19.2":26081,"7.7.1":43,"2.1.3":104,"1.3.16":20,"3.3.4":23,"1.4.15":35,"7.0.0-beta.5":4,"1.2.19":20,"6.0.1":367,"9.6.5":8614,"9.7.1":3985,"7.21.1":13720,"4.0.3":852,"3.8.1":40,"3.4.0":28,"9.0.0-pre.6":6,"6.10.0-next.0":6,"1.1.71":401,"2.14.8":723,"10.2.2":719,"8.6.0":7920,"6.11.2":641,"9.3.1":4341,"2.15.1":978,"3.3.9":71,"7.0.0-rc.0":5,"7.8.0":1132,"1.4.22":15,"1.3.22":27,"7.7.2":64,"3.7.4":21,"1.5.0-alpha-3":4,"1.2.32":46,"1.3.13":21,"1.3.24":88,"8.5.4":1102,"10.2.5":15873,"6.6.0":522,"2.7.5":48,"7.5.5":66,"11.12.1":4585336,"11.4.2":64491,"7.0.0":684,"6.9.0-next.0":4,"3.1.0":39,"7.24.2":201407,"6.14.13":10887,"11.6.3":23284,"10.1.0":19193,"5.4.2":861,"3.7.5":653,"10.0.0":11750,"6.14.0":1869,"8.4.0":1358,"3.8.4":17,"7.0.0-beta.3":3,"8.7.0":1377,"6.14.1":1073,"7.5.6":915,"7.1.2":116,"2.14.20":113,"6.14.2":6006,"6.5.0":5107,"8.9.0":18310,"8.12.2":2090,"6.8.0-next.0":4,"2.0.0":100,"2.14.2":63,"7.0.0-beta.0":4,"11.10.0":66054,"6.14.16":15857,"8.3.0":6840,"6.14.5":9025,"2.14.13":31,"1.3.9":19,"2.15.4":124,"6.10.0":1388,"3.7.1":36,"6.10.1-next.0":3,"8.13.1":5264,"3.4.1":46,"3.8.3":296,"4.4.3":33,"1.4.7":44,"3.10.4":22,"6.14.10":2675,"4.6.1":5792,"9.8.0":7015,"7.17.0":453,"2.1.17":20,"2.7.1":140,"2.14.10":7218,"7.0.5":51,"2.1.4":53,"10.8.0":16996,"2.15.0":68,"6.2.0-next.1":4,"10.9.1":43318,"2.15.5":1801,"7.20.4":30,"11.5.2":36408,"6.12.1":1356,"5.0.0":127,"6.13.5":187,"2.10.1":111,"2.0.0-beta.3":6,"5.5.0":34,"1.3.17":32,"1.4.19":18,"8.1.1":358,"2.14.22":79,"4.3.0":141,"7.18.1":1625,"1.4.2":32,"2.14.19":21,"3.3.3":37,"6.13.1":1283,"6.3.0-next.0":4,"10.0.0-pre.1":5,"3.8.7":56,"2.14.1":110,"1.5.0-alpha-2":6,"6.9.1-next.0":6,"9.6.2":10564,"4.1.2":367,"9.1.3":748,"9.3.0":267,"1.4.16":39,"11.7.0":169358,"1.4.0":23,"8.19.4":461199,"6.14.9":3911,"4.4.1":140,"3.7.3":91,"2.12.0":60,"1.4.12":29,"1.1.70":33,"9.0.0-pre.0":5,"9.6.1":730,"2.13.3":165,"7.4.0":126,"1.4.20":31,"2.0.0-beta.2":7,"9.4.2":3212,"6.4.0":833,"8.3.1":5302,"8.0.0":4722,"6.8.0-next.2":4,"2.0.0-alpha.6":4,"1.3.0":24,"11.0.0-pre.0":8,"6.14.16.tgz?spm=5176.28103460.0.0.42a7491bucMCh8&file=npm-6.14.16":1,"7.11.2":4149,"2.1.2":41,"2.1.10":27,"2.14.4":129,"7.0.0-beta.4":4,"7.9.0":679,"6.8.0-next.1":3,"7.3.0":200,"2.8.0":111,"1.4.26":80,"1.3.18":124,"1.4.8":30,"11.9.0":83033,"6.12.0":2017,"3.5.3":156,"1.3.26":1117,"8.8.0":1848,"3.3.11":12,"1.4.1":27,"1.3.15":37,"6.13.2":667,"2.15.10":981,"5.4.0":96,"6.4.0-next.0":8,"2.14.21":2091,"3.9.6":340,"2.1.6":47,"7.0.11":58,"9.5.1":47187,"11.10.1":61763,"11.6.2":252820,"8.12.0":8365,"7.0.12":168,"8.17.0":1246,"3.3.7":17,"3.10.1":17,"1.5.0-alpha-0":4,"6.4.1-next.0":4,"9.0.0-pre.4":4,"1.4.11":21,"7.0.0-beta.7":49,"3.6.0":158,"8.12.1":11469,"11.1.0":25740,"1.2.27":20,"5.4.1":139,"1.3.20":28,"3.1.2":133,"1.4.29":1138,"7.5.2":568,"3.8.0":104,"3.2.0":42,"2.14.14":36,"2.0.2":56,"1.2.31":16,"1.4.9":120,"1.2.22":21,"7.6.2":154,"1.2.20":23,"4.1.0":51,"6.10.2":1303,"10.9.7":324680,"11.8.0":89672,"8.18.0":7044,"3.10.7":208,"3.0.0":69,"7.0.3":239,"3.9.4":18,"1.4.17":17,"10.9.4":701328,"10.9.6":46661,"7.0.0-rc.4":3,"9.0.0-pre.3":5,"3.3.2":26,"10.6.0":2134,"2.4.1":152,"7.4.2":63,"6.11.0":43,"9.0.0-pre.5":5,"5.6.0":6166,"2.7.3":39,"5.8.0-next.0":3,"3.5.2":209,"10.2.3":20660,"2.14.12":297,"5.0.3":408,"2.6.0":30,"4.4.2":21,"6.11.1":152,"2.8.3":61,"11.5.1":26754,"7.16.0":612,"6.14.7":2095,"9.1.0":28,"7.0.7":75,"2.15.9":271,"2.15.2":47,"3.10.5":189,"1.2.8000":310,"9.0.1":92,"11.6.0":29946,"5.7.1":4509,"8.5.3":466,"3.7.0":18,"7.24.0":1421,"9.4.0":1417,"8.13.2":2503,"7.11.0":249,"7.0.0-beta.1":4,"9.2.0":4767,"1.4.25":28,"10.8.1":56692,"2.1.11":234,"7.0.13":30,"7.0.0-rc.3":8,"9.9.3":27729,"10.5.2":24724,"8.10.0":2548,"6.13.0":768,"9.6.4":5609,"9.0.0":2516,"6.2.0-next.0":3,"8.15.1":8369,"7.13.0":1103,"3.9.2":3561,"7.15.0":413,"6.5.0-next.0":42,"10.7.0":59239,"2.10.0":69,"7.2.0":127,"10.9.5":32467,"3.8.9":227,"1.4.28":543,"11.2.0":53419,"8.15.0":30294,"1.2.28":16,"4.4.0":25,"9.1.1":688,"7.7.6":745,"1.3.4":349,"2.13.2":36,"3.3.6":83,"2.11.2":52,"3.3.1":27,"6.14.11":12461,"3.1.1":712,"1.3.1":53,"7.5.0":71,"11.6.4":301383,"8.19.1":11461,"8.1.3":1779,"2.1.1":35,"2.14.7":195,"11.12.0":148347,"10.2.0":6333,"7.5.4":456,"10.8.3":69341,"8.19.3":193121,"1.2.30":29,"1.3.25":17,"6.0.1-next.0":6,"6.1.0":2570,"9.6.7":909446,"2.15.12":59471,"9.9.0":4884,"2.3.0":111,"1.5.0-alpha-4":10,"7.0.0-beta.12":8,"7.0.1":49,"5.7.0":32,"11.0.0-pre.1":8,"7.12.1":281,"1.3.21":47,"4.6.0":25,"2.8.1":16,"2.7.6":141,"3.8.8":55,"2.13.5":126,"2.7.2":29,"6.7.0":1529,"9.9.4":427375,"6.14.3":3677,"7.20.0":549,"9.7.0":46,"2.15.11":822,"7.14.0":760,"1.4.6":468,"6.0.0-next.0":8,"8.5.1":1292,"2.9.1":73,"2.8.2":18,"3.10.0":25,"9.6.3":2035,"7.1.0":67,"2.1.9":24,"11.11.0":242332,"6.14.12":8877,"2.0.0-alpha.7":4,"2.1.15":20,"1.4.23":171,"3.7.2":50,"2.14.5":26,"7.0.0-beta.9":5,"7.0.0-beta.6":3,"10.2.4":46153,"6.10.1-next.2":4,"7.6.0":1082,"6.6.0-next.0":14,"1.4.3":356,"8.11.0":15390,"9.6.6":6610,"10.9.3":236917,"6.3.0":516,"2.14.17":51,"6.2.0":909,"8.4.1":2370,"6.6.0-next.1":6,"1.3.12":25,"1.3.7":30,"7.0.0-beta.8":4,"3.3.0":31,"1.4.4":98,"2.0.1":23,"7.0.2":102,"6.13.7":8672,"2.11.3":175,"2.1.7":133,"6.8.0":662,"6.0.0-next.1":3,"6.10.2-next.2":6,"1.2.25":35,"7.1.1":61,"3.10.10":14756,"3.3.12":370,"2.5.1":239,"10.2.1":4394,"6.11.3":10945,"3.5.1":50,"2.6.1":169,"6.10.2-next.3":4,"7.0.15":142,"10.3.0":13905,"6.14.8":16413,"9.7.2":12952,"6.10.3":2253,"4.0.5":375,"2.11.1":39,"3.3.5":25,"7.20.2":136,"6.13.6":2640,"11.11.1":207076,"8.1.0":6499,"7.4.3":364,"2.5.0":24,"10.0.0-pre.0":21,"2.13.4":49,"7.20.3":1019,"1.3.23":16,"5.9.0-next.0":4,"5.10.0-next.0":6,"3.10.8":4298,"5.10.0-next.1":4,"6.12.0-next.0":5,"7.24.1":1462,"1.3.10":26,"1.4.21":738,"7.0.6":80,"3.10.3":693,"7.10.0":1332,"8.5.0":7813,"7.19.0":536,"11.5.0":371,"7.20.5":741,"3.10.9":621,"4.0.1":74,"2.15.6":33,"9.0.0-pre.1":6,"7.0.0-beta.13":6,