{"timestamp":"2026-05-04T00:20:02.877Z","year":2026,"week":18,"response":{"package":"npm","downloads":{"3.9.2":5446,"7.15.0":1751,"1.2.28":177,"7.2.0":222,"6.5.0-next.0":14,"2.10.0":97,"1.2.20":62,"3.8.9":351,"1.2.22":219,"1.4.28":836,"7.6.2":385,"10.9.5":24881,"11.3.0":800275,"7.0.0-beta.11":19,"6.10.1":1206,"7.4.1":272,"7.7.5":265,"7.6.1":311,"2.0.0-alpha.6.0":5,"10.0.0":12330,"8.4.0":2800,"6.14.0":3683,"9.8.1":175871,"7.23.0":1459,"6.4.1":22531,"1.4.14":29,"4.0.2":227,"8.19.0":2903,"7.20.1":2525,"1.1.25":40,"3.1.3":120,"3.10.2":250,"2.14.18":44,"2.14.11":78,"7.0.9":81,"7.0.8":238,"9.4.1":1189,"6.8.0":1431,"2.11.3":72,"7.0.2":150,"6.6.0-next.1":8,"2.1.7":57,"6.13.7":10314,"2.4.1":299,"10.6.0":5076,"6.10.2":1583,"6.14.18.tgz?spm=5176.28103460.0.0.14171db8kxNELX&file=npm-6.14.18":1,"3.3.2":85,"3.5.2":177,"10.8.3":181577,"8.19.3":294670,"2.14.7":186,"6.0.1-next.0":8,"7.22.0":2428,"10.5.1":13540,"7.20.6":1659,"5.2.0":193,"2.13.0":242,"1.3.5":96,"7.0.0-beta.2":10,"1.5.0-alpha-1":7,"2.0.0-beta.1":7,"1.3.11":202,"2.15.7":59,"6.10.1-next.1":7,"1.4.5":222,"4.4.3":56,"3.7.1":81,"1.4.7":54,"2.0.0":56,"7.5.6":1509,"8.7.0":6144,"6.14.1":1289,"2.14.2":87,"2.14.8":1220,"1.1.71":376,"6.14.18.tgz?spm=5176.28103460.0.0.96a029880xl9z0&file=npm-6.14.18":10,"9.0.0-pre.6":10,"6.10.0-next.0":6,"2.9.1":134,"2.8.2":32,"6.0.0-next.0":13,"3.10.10":21194,"3.3.12":194,"7.1.1":426,"1.2.25":158,"2.5.1":347,"6.10.2-next.2":10,"9.0.1":161,"8.5.3":1388,"1.2.8000":279,"6.13.2":955,"5.7.1":4969,"11.6.0":37916,"5.10.0":50562,"3.10.6":3097,"9.9.1":2552,"7.11.1":3126,"2.7.0":1636,"2.15.3":100,"7.0.14":267,"3.3.8":51,"2.14.15":204,"1.2.24":62,"2.15.4":134,"1.4.13":29,"3.8.5":125,"3.5.4":7055,"7.5.3":394,"2.0.0-alpha.7":7,"6.14.12":8426,"2.1.15":102,"1.4.23":152,"11.11.0":236981,"9.2.0":10446,"6.14.18.tgz?spm=5176.28103460.0.0.96a02988D0U2Sy&file=npm-6.14.18":1,"7.0.0-beta.1":7,"1.4.25":39,"8.19.1":13775,"8.1.3":3664,"11.6.4":58633,"5.0.3":729,"10.2.3":50284,"9.1.0":155,"4.4.2":142,"2.6.0":128,"2.14.12":462,"2.14.16":91,"8.3.2":8777,"1.3.6":212,"2.14.3":128,"2.15.10":421,"1.3.18":42,"3.5.3":55,"1.4.26":59,"6.12.0":2840,"8.8.0":2627,"5.4.0":136,"1.4.8":42,"1.3.26":945,"3.3.11":31,"11.9.0":65242,"3.9.5":101,"6.14.17":39901,"1.3.14":59,"10.9.8":967326,"11.4.0":3299,"9.1.2":4119,"2.1.3":147,"1.3.16":125,"9.6.5":15375,"9.7.1":16850,"3.3.4":138,"7.0.0-rc.1":12,"7.0.0":786,"1.3.24":42,"7.5.5":93,"11.12.1":956366,"11.4.2":60943,"7.7.1":186,"1.2.19":43,"8.19.2":66787,"10.2.4":65465,"3.3.3":88,"1.4.2":126,"6.10.0":1509,"6.13.1":1798,"3.10.7":179,"7.0.3":835,"3.9.4":84,"3.0.0":169,"1.4.17":38,"8.18.0":13860,"11.8.0":67394,"7.0.15":214,"8.2.0":1429,"7.0.4":268,"2.9.0":87,"2.1.16":31,"3.9.1":49,"3.8.6":491,"2.0.2":92,"4.1.0":94,"2.14.14":90,"2.1.5":125,"3.9.0":103,"2.14.0":42,"5.3.0":2249,"6.0.0-next.2":9,"2.1.14":47,"2.1.18":204,"7.18.0":104,"2.13.5":94,"7.7.0":273,"7.19.1":3359,"8.13.0":754,"6.9.2":2480,"7.7.3":146,"10.8.2":246439,"6.14.15":34568,"3.9.3":116,"2.1.8":428,"8.4.1":4399,"6.2.0":813,"6.14.7":7010,"6.3.0":939,"7.16.0":2181,"2.14.17":78,"10.9.3":223700,"11.5.1":29493,"1.4.20":47,"1.4.12":123,"3.7.3":202,"2.12.0":70,"2.0.0-beta.2":23,"1.3.23":32,"8.0.0":6787,"6.4.0":1361,"8.3.1":9508,"9.4.2":4591,"7.7.2":375,"2.1.4":51,"1.4.0":43,"11.7.0":144950,"10.8.0":29431,"2.15.0":112,"6.6.0":1671,"8.5.4":1463,"10.2.5":25831,"2.14.4":220,"10.8.1":123998,"2.1.11":294,"1.3.25":34,"1.2.30":53,"10.2.0":10093,"8.5.1":2512,"7.5.4":740,"11.12.0":93599,"2.13.2":75,"7.5.0":85,"4.4.0":96,"1.3.1":73,"3.1.1":176,"3.3.6":83,"2.11.2":60,"6.14.11":33896,"6.0.0-next.1":9,"2.14.13":72,"1.3.20":42,"1.2.27":109,"5.4.1":283,"7.8.0":3752,"6.13.3":238,"1.2.32":82,"1.5.0-alpha-3":7,"2.13.3":324,"9.6.1":2024,"1.1.70":74,"7.4.0":250,"2.14.10":20197,"7.0.5":155,"4.6.1":9873,"2.13.1":176,"9.8.0":13208,"7.0.10":144,"6.14.10":5980,"7.17.0":992,"3.8.2":110,"2.14.6":39,"1.4.10":32,"1.3.2":93,"2.2.0":88,"10.4.0":29104,"5.1.0":68102,"10.9.0":187357,"8.14.0":3195,"1.4.24":42,"2.1.0":43,"3.2.2":201,"6.9.0":16600,"5.0.4":1992,"4.0.0":101,"8.5.2":1151,"11.4.1":23798,"9.9.4":515810,"2.7.6":145,"2.8.1":70,"6.14.3":7498,"7.20.0":1656,"7.0.0-beta.7":37,"2.14.21":2388,"9.7.0":279,"1.4.11":30,"3.9.6":254,"2.8.0":41,"10.9.1":58748,"1.4.19":30,"7.18.1":3304,"2.15.5":1484,"1.3.17":40,"6.14.17.tgz?spm=5176.28103460.0.0.28972988PvjqVR&file=npm-6.14.17":1,"1.4.29":2664,"3.3.7":92,"3.8.7":91,"1.5.0-alpha-0":9,"7.24.1":4116,"7.0.11":234,"2.1.6":57,"9.5.1":54862,"11.10.1":60607,"6.10.2-next.3":9,"6.10.3":3670,"2.11.1":36,"4.0.5":373,"9.7.2":28491,"10.3.0":23437,"6.14.8":35557,"3.10.0":37,"7.1.0":113,"2.1.9":100,"9.6.3":4049,"9.0.0-pre.1":12,"2.0.0-beta.3":9,"6.14.4":18572,"11.5.2":26954,"6.12.1":2651,"6.14.14":8920,"7.20.4":40,"7.0.0-beta.6":8,"6.6.0-next.0":8,"6.1.0":4518,"7.0.0-beta.12":9,"7.0.1":185,"5.7.0":172,"11.0.0-pre.1":11,"2.14.1":231,"6.9.1-next.0":20,"1.5.0-alpha-2":6,"4.0.3":828,"7.21.1":13074,"3.4.0":44,"3.8.1":54,"1.4.16":31,"4.1.2":183,"9.3.0":884,"9.6.2":16683,"9.1.3":2153,"5.5.0":95,"8.1.1":1366,"4.3.0":203,"2.14.22":105,"2.14.19":30,"10.0.0-pre.1":10,"6.3.0-next.0":6,"2.1.2":42,"2.1.10":42,"7.3.0":412,"7.9.0":6126,"6.8.0-next.1":7,"7.0.0-beta.4":22,"7.19.0":889,"4.0.1":85,"3.10.9":636,"2.0.0-alpha-5":85,"2.15.6":86,"7.20.5":1822,"11.5.0":325,"6.10.1-next.2":9,"3.7.2":85,"1.4.3":79,"7.0.0-beta.9":10,"2.14.5":54,"7.6.0":2413,"1.3.7":36,"1.3.12":84,"1.3.8":185,"2.0.1":103,"7.0.0-beta.8":13,"1.4.4":101,"3.3.0":85,"7.24.2":320751,"10.1.0":33029,"3.1.0":91,"7.0.0-beta.3":11,"6.14.13":15561,"3.7.5":1215,"5.4.2":671,"3.8.4":119,"11.13.0":4006229,"11.6.3":18234,"6.9.0-next.0":6,"8.12.2":3114,"8.9.0":22220,"6.5.0":8846,"2.14.20":458,"7.1.2":2446,"6.14.2":5425,"6.8.0-next.0":8,"8.13.1":8441,"3.4.1":78,"6.10.1-next.0":8,"3.8.3":334,"3.10.4":35,"1.3.21":38,"1.5.0-alpha-4":7,"9.6.7":945578,"2.15.12":143183,"9.9.0":9558,"2.3.0":77,"7.12.1":764,"6.7.0":2735,"4.6.0":33,"3.8.8":139,"2.7.2":35,"7.20.2":345,"6.13.6":4301,"7.4.3":354,"3.3.5":125,"8.1.0":10351,"11.11.1":158194,"6.14.6":11805,"1.4.18":128,"2.15.8":100,"6.1.0-next.0":9,"7.20.3":1986,"2.13.4":124,"2.5.0":66,"5.10.0-next.1":7,"3.10.3":304,"7.0.6":108,"7.10.0":2798,"8.5.0":12351,"6.12.0-next.0":16,"3.5.0":64,"7.14.0":1833,"2.15.11":1081,"9.5.0":45512,"7.21.0":1518,"1.4.6":96,"3.5.1":149,"6.11.3":12882,"1.4.15":46,"7.0.0-beta.5":14,"10.2.1":10502,"6.0.1":665,"2.6.1":315,"3.6.0":329,"3.1.2":94,"11.1.0":69198,"8.12.1":19286,"9.0.0-pre.4":19,"6.4.1-next.0":6,"4.4.1":206,"9.0.0-pre.0":11,"8.19.4":796400,"6.14.9":6592,"8.12.0":18411,"11.6.2":231415,"8.17.0":2384,"7.0.12":289,"3.10.1":103,"7.5.2":772,"1.2.31":37,"3.2.0":58,"3.8.0":52,"1.4.9":78,"2.10.1":175,"5.0.0":174,"6.13.5":227,"6.2.0-next.1":5,"8.6.0":10451,"1.3.22":46,"1.3.13":31,"6.11.2":1690,"1.4.22":157,"9.3.1":6252,"3.7.4":144,"3.3.9":346,"2.15.1":1377,"7.0.0-rc.0":12,"5.5.1":2130,"6.14.18":437059,"2.7.4":89,"11.2.0":94031,"8.15.0":36059,"7.0.0-beta.0":7,"6.14.16":29883,"6.14.5":15351,"1.3.9":84,"8.3.0":10518,"11.10.0":61793,"2.7.5":74,"9.6.4":11262,"6.13.0":1091,"9.0.0":3394,"8.10.0":7638,"2.1.17":80,"2.7.1":127,"10.7.0":114949,"6.2.0-next.0":6,"2.15.2":178,"7.0.7":142,"3.10.5":158,"3.7.0":79,"2.15.9":276,"6.11.0":208,"2.7.3":73,"5.6.0":5803,"7.4.2":1477,"5.8.0-next.0":9,"9.0.0-pre.5":8,"7.0.0-rc.4":11,"9.6.0":2847,"2.14.9":41,"4.5.0":1124,"4.4.4":55,"6.10.2-next.1":9,"8.1.2":17240,"4.1.1":169,"4.2.0":198,"9.0.0-pre.2":12,"1.2.23":76,"7.5.1":268,"1.2.21":191,"5.0.2":534,"7.6.3":1424,"6.10.2-next.0":9,"7.0.0-beta.10":26,"3.3.10":158,"2.8.4":100,"7.0.0-rc.2":9,"1.4.27":42,"2.1.12":128,"2.1.13":35,"8.5.5":25725,"2.12.1":120,"2.0.0-beta.0":8,"7.7.4":688,"9.9.2":24135,"1.3.10":108,"1.4.21":917,"7.15.1":1110,"5.0.1":115,"3.2.1":247,"6.0.0":1115,"11.0.0":88958,"10.9.2":1312257,"6.13.4":18504,"8.1.4":8087,"11.6.1":20869,"8.16.0":3947,"5.8.0":2758,"3.10.8":4533,"5.10.0-next.0":6,"10.0.0-pre.0":29,"5.9.0-next.0":8,"7.11.2":7903,"10.2.2":1403,"6.8.0-next.2":14,"1.3.0":214,"2.0.0-alpha.6":6,"11.0.0-pre.0":12,"10.9.7":196548,"6.4.0-next.0":8,