{"timestamp":"2026-01-26T00:07:08.928Z","year":2026,"week":4,"response":{"package":"npm","downloads":{"3.8.5":25,"6.10.2-next.1":2,"9.6.0":1545,"4.5.0":794,"2.14.9":20,"4.4.4":53,"1.3.10":34,"7.5.3":117,"1.4.21":191,"1.4.13":20,"3.5.4":4639,"4.2.0":94,"1.3.14":39,"8.1.2":8577,"3.10.8":1735,"9.0.0-pre.2":11,"4.1.1":63,"11.4.0":3322,"6.14.17":21334,"2.7.4":46,"6.14.18":284514,"5.5.1":995,"9.1.2":1134,"1.4.27":21,"2.1.13":30,"2.0.0-beta.0":4,"3.9.5":36,"10.5.0":75337,"2.11.0":139,"9.9.2":8589,"8.5.5":19634,"7.7.4":409,"2.12.1":41,"2.1.12":60,"2.15.6":26,"11.5.2":77494,"6.14.14":2691,"6.14.4":6292,"6.12.1":1191,"7.20.4":28,"2.0.0-beta.3":4,"9.0.0-pre.1":5,"11.5.0":236,"7.19.0":888,"3.10.9":1021,"4.0.1":216,"7.20.5":273,"1.3.20":32,"1.4.18":83,"6.14.6":4633,"2.15.8":100,"7.12.0":247,"2.4.0":26,"5.4.1":287,"1.2.27":152,"6.1.0-next.0":2,"1.4.20":20,"1.4.12":140,"2.0.0-beta.2":18,"1.3.23":35,"2.13.4":13,"6.14.18.tgz?spm=5176.28103460.0.0.41977551boyWSm&file=npm-6.14.18":1,"5.10.0-next.1":2,"2.12.0":22,"3.7.3":61,"7.20.3":2092,"2.5.0":37,"3.10.3":231,"7.0.6":86,"8.5.0":6641,"7.10.0":1372,"9.5.1":26754,"7.24.1":979,"2.1.6":176,"7.0.11":78,"6.12.0-next.0":2,"2.0.0-alpha-5":4,"6.2.0-next.0":2,"7.0.13":21,"7.0.0-rc.3":7,"8.15.1":7579,"9.9.3":32380,"10.5.2":22101,"7.13.0":829,"5.9.0-next.0":2,"5.10.0-next.0":2,"10.0.0-pre.0":23,"9.1.1":1387,"7.7.6":786,"1.3.4":207,"8.15.0":22734,"11.2.0":39901,"3.3.1":22,"11.6.4":128589,"8.19.1":6059,"8.1.3":1234,"8.13.2":5620,"7.24.0":2608,"9.4.0":1197,"2.1.1":600,"7.11.0":353,"2.15.2":30,"2.15.9":181,"3.10.5":243,"7.0.7":43,"10.8.3":114971,"8.19.3":76931,"3.7.0":71,"7.0.0-beta.13":6,"10.9.4":1434267,"8.11.0":12106,"6.11.1":515,"9.6.6":8747,"9.0.0-pre.3":6,"2.8.3":20,"5.6.0":2403,"2.7.3":34,"4.4.2":14,"7.4.2":30,"5.0.3":286,"6.11.0":53,"7.0.0-rc.4":7,"5.8.0-next.0":2,"9.0.0-pre.5":7,"10.7.0":51450,"7.6.0":574,"3.7.2":27,"7.0.0-beta.9":6,"1.4.3":44,"10.2.4":40367,"2.14.5":25,"6.10.2-next.3":2,"4.0.5":129,"7.0.4":55,"8.2.0":802,"7.0.15":98,"2.11.1":41,"9.7.2":15648,"10.3.0":13090,"6.10.3":1616,"6.14.8":9562,"8.1.0":3649,"6.13.6":2179,"7.4.3":330,"7.20.2":104,"3.3.5":19,"3.8.8":41,"4.6.0":21,"2.13.5":37,"6.7.0":1315,"9.9.4":327941,"6.14.3":525,"7.20.0":395,"2.7.6":88,"2.7.2":24,"7.19.1":1607,"7.18.0":283,"2.8.1":27,"1.3.1":27,"6.0.0-next.1":2,"6.14.11":10033,"3.1.1":50,"3.3.6":19,"7.5.0":62,"3.10.10":8485,"1.2.25":28,"3.3.12":58,"2.5.1":94,"7.1.1":54,"4.4.0":18,"2.13.2":19,"6.10.2-next.2":2,"2.11.2":21,"7.0.0-beta.12":7,"11.0.0-pre.1":11,"5.7.0":25,"6.1.0":1524,"7.0.1":64,"1.3.16":34,"1.3.21":74,"2.3.0":28,"1.5.0-alpha-4":4,"9.6.7":602651,"2.15.12":79324,"9.9.0":4906,"7.12.1":173,"2.0.0-alpha.7":4,"2.1.15":23,"10.8.1":58526,"1.4.23":62,"1.4.25":23,"9.2.0":4484,"7.0.0-beta.1":6,"6.14.12":6917,"2.1.11":167,"6.0.1-next.0":2,"7.5.4":347,"10.2.0":7772,"8.5.1":1100,"2.8.2":28,"2.14.7":24,"1.3.25":26,"2.9.1":121,"6.0.0-next.0":4,"1.2.30":32,"2.6.0":659,"9.1.0":164,"2.14.12":78,"2.1.7":19,"6.13.7":7702,"6.8.0":299,"2.11.3":30,"7.0.2":285,"6.6.0-next.1":2,"10.2.3":28769,"10.9.3":284880,"11.5.1":19546,"8.4.1":2561,"6.14.7":1720,"7.16.0":470,"6.3.0":167,"6.2.0":471,"2.14.17":27,"3.9.2":1871,"7.15.0":353,"11.0.0-pre.0":7,"1.3.0":42,"2.0.0-alpha.6":4,"6.8.0-next.2":2,"3.8.2":17,"1.4.14":33,"7.0.10":1885,"4.6.1":4407,"9.8.0":4988,"7.17.0":462,"6.14.10":1886,"2.13.1":175,"2.14.6":31,"6.13.3":177,"1.5.0-alpha-3":4,"1.4.26":19,"5.4.0":33,"1.3.18":22,"3.5.3":36,"5.7.1":3823,"11.6.0":29347,"6.13.2":389,"9.0.1":241,"1.3.15":16,"1.2.8000":75,"1.3.26":1521,"1.4.8":68,"6.12.0":1507,"8.8.0":1458,"2.15.10":23,"3.3.11":17,"8.5.3":423,"6.4.0-next.0":2,"3.10.2":85,"3.1.3":37,"7.0.8":72,"8.14.0":970,"3.2.2":120,"1.3.24":31,"2.1.0":26,"1.4.24":19,"7.5.5":35,"7.0.0-rc.1":7,"11.4.2":56020,"7.0.0":1274,"2.14.19":30,"8.1.1":269,"10.0.0-pre.1":5,"6.2.0-next.1":2,"2.10.1":92,"1.3.17":27,"6.13.5":329,"5.0.0":49,"7.18.1":2641,"10.9.1":44803,"1.4.19":22,"2.15.5":458,"3.5.2":31,"3.9.4":20,"8.18.0":5161,"1.4.17":15,"7.0.3":144,"3.10.7":91,"3.0.0":69,"11.8.0":699108,"2.4.1":100,"3.3.2":28,"10.6.0":2174,"6.10.2":678,"6.6.0-next.0":3,"7.0.0-beta.6":6,"6.10.1-next.2":2,"1.1.70":35,"2.13.3":65,"4.4.1":100,"9.0.0-pre.0":8,"8.19.4":481657,"6.14.9":2095,"9.6.2":6157,"9.3.0":321,"4.1.2":42,"2.14.14":22,"2.0.2":75,"6.5.0-next.0":2,"7.5.2":428,"1.4.28":457,"2.10.0":118,"7.6.2":96,"7.2.0":98,"3.8.9":42,"1.2.22":30,"1.2.20":38,"4.1.0":23,"3.3.7":26,"1.5.0-alpha-0":4,"2.14.1":94,"3.10.1":20,"11.6.2":237728,"8.12.0":7868,"8.17.0":850,"6.9.1-next.0":4,"7.0.12":78,"3.8.7":44,"1.4.29":906,"2.14.10":23424,"7.0.5":46,"6.9.0":8882,"11.4.1":20248,"8.5.2":574,"5.0.4":109,"4.0.0":37,"7.0.0-beta.11":6,"1.2.28":34,"8.3.1":4341,"9.4.2":3447,"8.0.0":5259,"6.4.0":391,"7.8.0":616,"1.2.32":23,"9.8.1":102772,"7.23.0":662,"1.3.2":60,"2.14.13":20,"1.4.10":20,"2.2.0":50,"5.1.0":24879,"10.9.0":100670,"10.4.0":13819,"7.20.1":598,"3.6.0":84,"6.8.0-next.1":2,"7.0.0-beta.7":21,"1.4.11":25,"3.1.2":28,"9.0.0-pre.4":6,"2.1.10":22,"6.4.1-next.0":2,"8.12.1":6266,"11.1.0":24393,"2.8.0":28,"9.6.1":1253,"7.4.0":92,"6.9.0-next.0":2,"1.4.1":38,"7.0.0-beta.3":6,"7.24.2":173622,"10.1.0":21609,"11.6.3":30404,"6.14.13":7411,"5.4.2":109,"3.7.5":668,"3.1.0":31,"10.0.0":10833,"8.4.0":1205,"6.14.0":1802,"3.8.4":28,"3.9.6":209,"9.7.0":461,"2.14.21":746,"8.9.0":18713,"6.14.2":3154,"8.12.2":1932,"6.5.0":2724,"2.14.20":637,"7.1.2":314,"2.14.2":31,"8.7.0":1177,"7.5.6":1843,"6.14.1":1364,"2.0.0":312,"3.4.0":17,"7.21.1":9222,"4.0.3":86,"3.8.1":27,"6.10.0-next.0":2,"2.14.8":591,"1.1.71":146,"9.0.0-pre.6":6,"7.11.2":3654,"10.2.2":1278,"3.3.10":48,"2.8.4":32,"7.0.0-beta.10":13,"7.0.0-rc.2":7,"2.13.0":35,"1.3.5":35,"6.10.1":256,"10.5.1":9050,"7.20.6":1354,"7.22.0":697,"7.0.0-beta.2":6,"5.2.0":152,"4.4.3":20,"1.4.7":29,"3.10.4":39,"3.4.1":33,"3.8.3":32,"8.13.1":3015,"3.7.1":25,"3.2.0":38,"1.2.31":33,"6.10.1-next.0":2,"1.4.9":29,"3.8.0":28,"2.7.1":20,"1.4.0":21,"2.1.17":27,"2.15.0":45,"2.1.4":28,"9.1.3":886,"1.4.16":25,"10.8.0":19893,"11.7.0":1328508,"6.3.0-next.0":2,"1.4.2":21,"6.13.1":1510,"6.10.0":1049,"3.3.3":49,"1.3.9":26,"7.0.0-beta.0":6,"5.5.0":33,"6.14.16":11408,"6.14.5":6776,"8.3.0":7557,"2.7.5":130,"2.1.2":69,"7.0.0-beta.4":6,"7.3.0":1152,"7.9.0":549,"10.2.5":18261,"8.5.4":5610,"6.6.0":600,"2.14.4":31,"6.8.0-next.0":2,"7.0.14":57,"2.7.0":370,"1.1.25":37,"2.15.3":32,"2.15.4":38,"3.3.8":73,"2.14.15":38,"10.9.2":364684,"11.6.1":43981,"11.0.0":44599,"8.16.0":2757,"8.1.4":6249,"6.13.4":6123,"5.8.0":793,"1.2.24":31,"5.10.0":22811,"7.11.1":520,"3.10.6":2022,"9.9.1":1746,"7.6.1":136,"9.4.1":1780,"3.2.1":33,"5.0.1":41,"2.14.18":67,"7.15.1":379,"6.0.0":375,"7.0.9":30,"2.14.11":30,"2.0.0-alpha.6.0":4,"4.0.2":43,"6.10.1-next.1":2,"8.19.0":725,"6.4.1":11055,"1.2.23":26,"5.0.2":24,"1.3.11":20,"1.5.0-alpha-1":5,"7.6.3":211,"7.5.1":1688,"2.0.0-beta.1":4,"2.15.7":19,"1.2.21":29,"1.4.5":102,"6.10.2-next.0":2,"11.3.0":36253,"7.7.5":219,"7.4.1":29,"1.3.13":21,"1.5.0-alpha-2":4,"3.3.9":35,"3.7.4":24,"1.3.22":36,"1.4.22":21,"7.7.2":49,"9.3.1":3104,"2.15.1":1090,"8.6.0":4163,"6.11.2":410,"7.0.0-rc.0":7,"2.14.22":79,"4.3.0":50,"9.0.0":2097,"8.10.0":2782,"9.6.4":7404,"6.13.0":722,"2.6.1":128,"2.1.3":29,"7.0.0-beta.5":6,"6.11.3":6323,"10.2.1":9005,"3.5.1":216,"6.0.1":231,"1.4.15":19,"7.7.1":19,"1.2.19":85,"8.19.2":27694,"9.6.5":8257,"9.7.1":6993,"3.3.4":15,"2.14.3":22,"9.6.3":1986,"7.1.0":26,"2.1.9":27,"3.10.0":20,"2.14.16":20,"8.3.2":2615,"2.0.1":18,"1.3.7":25,"1.3.12":20,"2.1.8":148,"3.9.3":21,"7.7.3":25,"3.3.0":21,"2.9.0":18,"2.1.16":26,"3.8.6":130,"10.8.2":126577,"6.9.2":1761,"6.14.15":17465,"1.4.4":22,"8.13.0":360,"7.0.0-beta.8":6,"3.9.1":32,"1.3.8":82,"9.5.0":25036,"7.14.0":947,"2.15.11":570,"3.5.0":56,"2.14.0":20,"6.0.0-next.2":3,"3.9.0":67,"5.3.0":1105,"2.1.5":37,"7.7.0":89,"2.1.14":26,"2.1.18":182,"1.4.6":99,"7.21.0":752,"1.3.6":55}}}