{"timestamp":"2025-03-10T00:04:45.654Z","year":2025,"week":10,"response":{"package":"npm","downloads":{"2.14.10":2826,"2.7.1":70,"9.3.0":420,"4.1.2":54,"1.4.16":21,"7.0.5":44,"10.8.0":27348,"1.4.0":192,"9.6.2":6756,"2.1.4":28,"2.15.0":73,"9.1.3":1959,"2.1.17":14,"7.5.5":63,"7.0.0":567,"7.0.0-beta.4":4,"7.3.0":231,"9.6.4":9946,"6.6.0":364,"7.9.0":681,"9.0.0":1294,"6.13.0":506,"10.2.5":24579,"2.1.2":23,"1.3.24":17,"2.1.10":20,"2.7.5":35,"8.10.0":2841,"2.14.4":27,"6.14.9.tgz?spm=5176.28103460.0.0.53315d27bkN6Id&file=npm-6.14.9":1,"8.5.4":919,"2.8.0":16,"1.3.17":18,"8.1.1":672,"1.3.9":18,"1.4.19":15,"2.14.19":28,"7.18.1":1081,"2.14.13":25,"6.14.16":23964,"6.10.0":683,"1.4.2":17,"3.3.3":34,"4.3.0":84,"2.14.22":81,"6.14.5":5717,"8.3.0":8846,"5.5.0":41,"6.13.1":1022,"10.0.0-pre.1":3,"1.1.70":28,"5.10.0-next.0":2,"6.14.9":2950,"2.13.4":29,"2.5.0":25,"3.7.3":58,"1.4.12":29,"1.4.20":13,"3.10.8":2142,"7.20.3":1771,"5.9.0-next.0":2,"7.4.0":236,"2.13.3":27,"2.0.0-beta.2":10,"4.4.1":169,"8.19.4":512749,"10.0.0-pre.0":27,"9.6.1":1976,"9.0.0-pre.0":2,"5.10.0-next.1":2,"1.3.23":17,"6.11.2":614,"1.3.22":16,"1.3.13":38,"3.7.4":41,"1.4.22":12,"9.3.1":5527,"1.2.32":31,"3.3.9":43,"2.14.1":54,"7.7.2":42,"3.8.7":30,"2.15.1":1055,"7.8.0":2233,"1.5.0-alpha-2":2,"8.6.0":7248,"6.9.1-next.0":2,"7.0.0-rc.0":2,"4.0.1":60,"2.10.1":38,"6.13.5":23,"5.0.0":52,"3.10.9":573,"2.15.5":508,"2.15.6":22,"2.11.0":28,"7.19.0":689,"6.14.4":8075,"6.12.1":1476,"2.0.0-alpha-5":2,"10.5.0":108053,"7.0.0-beta.13":2,"6.2.0-next.1":2,"10.9.1":85777,"7.20.5":538,"7.20.4":35,"1.2.27":45,"1.3.20":18,"8.12.1":10252,"3.6.0":90,"11.1.0":697854,"9.7.0":42,"3.9.6":111,"1.4.11":23,"6.1.0-next.0":2,"6.14.6":9194,"2.14.21":1086,"5.4.1":169,"2.4.0":30,"2.15.8":36,"3.1.2":39,"7.12.0":384,"1.4.18":46,"7.0.0-beta.7":6,"3.10.3":310,"7.0.6":45,"7.24.1":1759,"6.12.0-next.0":6,"1.5.0-alpha-0":5,"8.17.0":1743,"8.5.0":7833,"7.0.11":58,"1.4.29":494,"7.0.12":59,"3.10.1":19,"2.1.6":15,"9.5.1":25841,"3.3.7":33,"1.3.10":24,"8.12.0":9700,"7.10.0":1204,"1.4.21":116,"3.10.4":20,"3.8.3":31,"3.8.5":39,"4.4.3":21,"1.4.7":24,"9.6.0":2624,"8.13.1":2593,"4.5.0":500,"4.4.4":90,"3.4.1":54,"2.14.9":21,"7.5.3":481,"3.7.1":35,"3.5.4":5506,"6.10.1-next.0":2,"1.4.13":17,"2.7.4":20,"9.0.0-pre.6":2,"6.14.18":296874,"10.2.2":1580,"1.1.71":88,"6.10.0-next.0":2,"2.14.8":51,"7.21.1":3981,"3.4.0":29,"4.0.3":35,"5.5.1":1013,"3.8.1":26,"9.1.2":5510,"4.1.1":75,"6.14.2":1930,"8.12.2":2412,"8.9.0":3436,"2.14.20":112,"7.1.2":148,"2.0.0":23,"9.0.0-pre.2":4,"4.2.0":79,"7.5.6":986,"2.14.2":36,"8.1.2":8678,"1.3.14":21,"6.5.0":3493,"8.7.0":1969,"6.14.1":400,"6.14.17":24597,"6.14.13":8979,"3.1.0":41,"2.12.1":41,"5.4.2":238,"6.9.0-next.0":2,"7.24.2":205909,"7.7.4":411,"3.7.5":417,"2.1.12":34,"3.8.4":18,"7.0.0-beta.3":2,"3.9.5":120,"9.9.2":25665,"10.1.0":33884,"2.1.13":20,"10.0.0":4482,"6.14.0":2469,"1.4.27":20,"8.5.5":21169,"2.0.0-beta.0":2,"11.0.0":60507,"7.0.14":26,"2.2.0":31,"1.3.2":24,"3.3.8":42,"2.15.4":20,"2.14.15":19,"1.2.24":53,"9.9.1":3168,"2.7.0":19,"2.15.3":15,"10.9.0":165519,"5.1.0":42418,"6.13.4":9200,"8.1.4":6149,"10.4.0":24689,"8.16.0":2775,"1.1.25":28,"7.11.1":484,"3.10.6":1812,"5.10.0":19305,"1.4.10":21,"5.8.0":1017,"10.9.2":1258510,"10.5.2":70046,"10.8.1":115746,"7.0.13":38,"9.9.3":73180,"9.6.3":2948,"2.1.15":24,"6.14.12":4680,"7.1.0":55,"2.1.9":27,"1.4.23":31,"1.4.25":21,"9.2.0":10836,"2.1.11":33,"7.0.0-rc.3":2,"7.0.0-beta.1":2,"3.10.0":22,"7.0.4":73,"2.9.0":52,"6.10.3":1194,"3.3.5":61,"6.14.15":20607,"6.13.6":3059,"7.4.3":258,"4.0.5":124,"6.14.8":12018,"2.1.16":18,"7.7.3":41,"8.13.0":438,"8.1.0":6742,"2.11.1":32,"3.9.3":28,"6.9.2":548,"2.1.8":53,"9.7.2":25392,"10.3.0":18651,"7.20.2":208,"8.2.0":687,"3.9.1":28,"3.8.6":27,"1.3.8":31,"7.0.15":161,"6.10.2-next.3":4,"10.8.2":159283,"2.14.6":21,"2.13.1":27,"4.6.1":5346,"9.8.0":10742,"1.2.21":81,"1.2.23":41,"7.5.1":65,"3.8.2":24,"1.4.5":21,"2.15.7":18,"1.3.11":26,"9.8.1":112839,"8.19.0":636,"1.4.14":23,"7.17.0":1383,"7.23.0":756,"7.0.10":68,"6.4.1":10037,"4.0.2":44,"6.14.10":3190,"6.13.3":174,"1.5.0-alpha-1":3,"2.0.0-beta.1":3,"5.0.2":56,"7.6.3":810,"6.11.1":84,"6.2.0":638,"8.4.1":2362,"9.1.0":85,"2.14.12":26,"10.2.3":40233,"3.3.0":35,"9.6.6":6321,"4.4.2":25,"6.14.7":2151,"6.3.0":759,"7.16.0":1080,"2.1.7":16,"6.8.0":364,"2.14.17":42,"2.8.3":20,"5.0.3":425,"8.11.0":14934,"2.6.0":24,"7.0.2":176,"2.0.1":24,"1.3.7":25,"1.4.4":18,"1.3.12":15,"6.13.7":9801,"2.11.3":23,"7.0.0-beta.8":14,"6.0.1":544,"9.6.7":49707,"5.7.0":72,"2.3.0":32,"3.3.4":37,"1.3.16":23,"7.0.0-beta.12":2,"2.1.3":54,"7.7.1":35,"1.4.15":24,"1.2.19":27,"9.9.0":6704,"7.0.1":72,"6.1.0":1931,"9.7.1":14614,"2.15.12":112453,"1.3.21":16,"7.12.1":347,"9.6.5":8433,"8.19.2":71469,"7.0.0-beta.5":6,"2.8.4":18,"8.5.2":1284,"6.9.0":10307,"5.0.4":1234,"4.0.0":61,"3.3.10":33,"7.0.0-rc.2":6,"5.2.0":72,"1.3.5":25,"7.22.0":1237,"7.4.1":55,"7.7.5":167,"6.10.1":621,"2.13.0":63,"7.20.6":968,"10.5.1":14905,"7.0.0-beta.10":7,"2.14.5":31,"3.7.2":15,"6.6.0-next.0":5,"8.3.2":3219,"7.6.0":2277,"1.4.3":16,"6.10.1-next.2":2,"7.0.0-beta.6":4,"1.3.6":22,"2.14.16":27,"2.14.3":25,"1.2.25":54,"3.3.12":103,"10.2.1":9378,"2.6.1":22,"3.5.1":30,"1.3.1":31,"3.3.6":21,"2.13.2":37,"7.1.1":66,"2.11.2":20,"6.14.11":12902,"7.7.6":791,"8.1.3":1970,"3.10.10":13377,"1.3.4":100,"2.5.1":115,"4.4.0":31,"7.5.0":38,"3.1.1":27,"3.3.1":30,"8.19.1":5279,"6.11.3":3690,"9.1.1":1875,"6.0.0-next.1":4,"7.6.1":231,"3.2.2":122,"2.1.0":19,"6.0.0":339,"1.4.24":13,"8.14.0":896,"9.4.1":1095,"7.0.9":54,"5.0.1":30,"2.0.0-alpha.6.0":2,"3.10.2":245,"3.2.1":35,"7.15.1":866,"7.0.8":87,"2.14.18":26,"2.14.11":23,"3.1.3":38,"2.1.5":23,"7.18.0":57,"2.1.14":33,"2.1.18":60,"9.9.4":287454,"7.19.1":2415,"2.8.1":28,"2.7.6":75,"5.3.0":1059,"9.5.0":16982,"7.20.0":484,"6.14.3":814,"7.21.0":1403,"3.8.8":47,"3.5.0":24,"2.7.2":28,"4.6.0":26,"2.13.5":52,"7.7.0":147,"6.7.0":4253,"2.14.0":15,"3.9.0":23,"10.2.0":10355,"2.8.2":20,"1.2.30":35,"7.5.4":418,"2.15.11":399,"1.3.25":13,"2.14.7":36,"6.0.1-next.0":2,"7.14.0":810,"2.9.1":24,"1.4.6":29,"8.19.3":65096,"8.5.1":2136,"10.8.3":164265,"2.1.1":25,"6.0.0-next.0":1,"7.0.0-beta.0":4,"6.3.0-next.0":2,"6.8.0-next.1":2,"1.5.0-alpha-3":2,"2.12.0":17,"6.14.14":8289,"9.0.0-pre.1":2,"2.0.0-beta.3":2,"9.0.0-pre.4":2,"6.4.1-next.0":2,"6.8.0-next.0":2,"2.0.0-alpha.7":2,"6.6.0-next.1":2,"1.4.8":22,"1.4.26":22,"2.15.9":182,"8.13.2":8122,"3.5.3":26,"2.15.10":26,"3.3.11":22,"3.10.5":37,"9.4.0":1953,"2.15.2":27,"3.7.0":29,"1.3.15":53,"1.4.1":21,"5.4.0":103,"1.3.26":327,"7.0.7":87,"8.8.0":1113,"6.12.0":1649,"7.11.0":171,"1.3.18":27,"1.2.8000":100,"9.0.1":280,"6.13.2":238,"7.24.0":3054,"8.5.3":1104,"5.7.1":764,"8.3.1":5630,"7.11.2":2354,"11.0.0-pre.0":2,"9.4.2":3400,"6.4.0":798,"1.2.28":34,"3.9.2":2784,"7.15.0":467,"1.3.0":136,"8.15.0":21114,"11.2.0":465347,"8.0.0":4397,"2.0.0-alpha.6":6,"6.11.0":233,"2.7.3":14,"2.4.1":249,"6.10.2":568,"3.9.4":32,"3.5.2":45,"3.3.2":17,"8.18.0":6310,"3.10.7":90,"7.4.2":73,"5.8.0-next.0":4,"10.6.0":4686,"9.0.0-pre.3":3,"5.6.0":2348,"3.0.0":60,"7.0.0-rc.4":2,"7.0.3":114,"1.4.17":25,"7.20.1":190,"6.10.2-next.2":2,"2.14.14":51,"6.5.0-next.0":10,"1.2.20":20,"7.6.2":79,"1.2.22":20,"1.4.28":268,"2.0.2":29,"4.1.0":50,"7.2.0":113,"3.8.9":90,"2.10.0":29,"7.5.2":401,"8.15.1":6148,"3.8.0":36,"7.13.0":901,"1.4.9":19,"3.2.0":49,"1.2.31":15,"10.7.0":92115,"6.2.0-next.0":2,"7.0.0-beta.11":3,"7.0.0-beta.2":3,"6.10.2-next.0":2,"7.0.0-rc.1":4,"6.10.1-next.1":4,"11.0.0-pre.1":3,"1.5.0-alpha-4":7,"6.10.2-next.1":2,"6.14.4.tgz?spm=5176.28103460.0.0.d58d5d272JSNwr&file=npm-6.14.4":1,"10.2.4":55781,"7.0.0-beta.9":2,"8.4.0":1799,"6.0.0-next.2":2,"6.4.0-next.0":2,"9.0.0-pre.5":2,"6.8.0-next.2":2}}}