{"timestamp":"2025-03-31T00:05:59.312Z","year":2025,"week":13,"response":{"package":"npm","downloads":{"7.0.2":82,"6.8.0":234,"2.14.17":23,"6.13.7":9136,"2.0.1":16,"1.3.12":16,"6.2.0":423,"2.1.7":17,"7.0.0-beta.8":15,"6.3.0":526,"2.11.3":24,"1.3.7":14,"8.4.1":3351,"1.4.4":14,"3.3.0":17,"3.10.0":17,"2.1.9":16,"9.6.3":3308,"1.4.23":31,"6.14.12":4172,"2.1.15":18,"7.1.0":20,"2.0.0-alpha.7":2,"8.3.2":3784,"2.14.16":16,"2.14.3":16,"1.3.6":16,"2.9.1":23,"2.15.11":480,"1.4.6":18,"8.5.1":3023,"7.14.0":556,"2.8.2":16,"6.0.0-next.0":1,"9.7.1":16493,"9.6.5":10469,"3.3.4":14,"1.3.16":16,"2.1.3":33,"8.19.2":76492,"1.4.15":15,"1.2.19":19,"6.0.1":467,"7.7.1":19,"7.0.0-beta.5":6,"3.9.3":16,"7.0.4":22,"2.1.16":16,"1.3.8":26,"6.9.2":741,"8.2.0":622,"6.14.15":25601,"10.8.2":164074,"3.8.6":26,"2.9.0":18,"8.13.0":491,"3.9.1":19,"7.7.3":15,"2.1.8":16,"2.1.18":56,"2.14.0":19,"2.1.14":28,"2.1.5":27,"7.18.0":35,"9.5.0":15925,"3.5.0":16,"7.21.0":1389,"5.3.0":1163,"7.7.0":148,"3.9.0":24,"7.19.1":2556,"6.0.0-next.2":1,"3.10.10":12128,"2.6.1":16,"10.2.1":10534,"6.11.3":3981,"3.3.12":109,"2.5.1":95,"3.5.1":14,"1.2.25":16,"7.1.1":17,"2.0.0-beta.1":2,"5.0.2":15,"8.19.0":645,"7.6.3":689,"1.3.11":19,"7.5.1":47,"1.5.0-alpha-1":4,"6.10.1-next.1":1,"1.4.5":16,"1.2.23":16,"1.2.21":29,"6.4.1":9816,"2.15.7":15,"8.15.0":22311,"3.9.2":2616,"7.15.0":455,"11.2.0":1111225,"10.7.0":97275,"6.14.13.tgz?spm=5176.28103460.0.0.2285451eH1jIOO&file=npm-6.14.13":1,"7.2.0":76,"7.13.0":1178,"8.15.1":5904,"3.8.9":72,"2.10.0":18,"6.2.0-next.0":1,"1.4.28":661,"5.8.0":799,"2.15.4":15,"6.13.4":11135,"8.16.0":2645,"7.11.1":1994,"7.0.14":19,"2.14.15":16,"5.10.0":18813,"10.9.2":1504926,"2.15.3":17,"2.7.0":18,"1.2.24":16,"3.3.8":14,"11.0.0":57315,"9.9.1":3332,"8.1.4":8588,"3.10.6":1991,"1.2.8000":94,"8.5.3":862,"7.11.0":61,"2.15.9":147,"2.15.2":19,"8.13.2":7676,"9.4.0":2285,"7.24.0":4778,"9.0.1":232,"5.7.1":1008,"3.10.5":24,"7.0.7":78,"3.7.0":16,"2.8.4":20,"3.3.10":19,"7.22.0":1400,"7.20.6":641,"2.13.0":42,"10.5.1":15289,"1.3.5":14,"7.0.0-rc.2":3,"5.2.0":30,"7.0.0-beta.10":1,"7.0.0-beta.2":4,"10.6.0":3953,"3.3.2":14,"7.4.2":19,"6.11.0":179,"3.5.2":51,"9.0.0-pre.5":1,"5.6.0":2732,"9.0.0-pre.3":2,"2.4.1":169,"2.7.3":21,"5.8.0-next.0":1,"7.0.0-rc.4":2,"5.0.1":17,"7.6.1":116,"6.0.0":412,"3.2.1":14,"7.15.1":808,"9.4.1":755,"2.0.0-alpha.6.0":2,"10.2.5":22960,"6.6.0":293,"1.3.24":16,"6.13.0":431,"7.5.5":38,"9.0.0":1749,"8.5.4":835,"2.7.5":16,"7.0.0":398,"8.10.0":3675,"9.6.4":13607,"1.4.18":14,"6.1.0-next.0":1,"2.4.0":18,"6.14.6":8128,"2.15.8":22,"7.12.0":292,"3.1.1":14,"2.11.2":16,"7.7.6":837,"9.1.1":2138,"4.4.0":15,"1.3.1":15,"3.3.6":15,"7.5.0":28,"2.13.2":19,"3.3.1":14,"1.3.4":81,"6.14.11":12885,"8.1.3":1918,"8.19.1":6107,"10.8.0":26512,"2.1.17":16,"2.7.1":67,"7.0.5":33,"2.1.4":22,"2.14.10":1600,"2.15.0":65,"6.10.0":516,"6.14.16":24927,"6.14.5":6341,"8.3.0":8653,"2.14.13":16,"1.3.9":16,"1.4.22":14,"1.3.22":18,"1.3.13":16,"1.2.32":16,"7.8.0":4357,"3.7.4":16,"3.3.9":20,"8.6.0":8845,"2.15.1":881,"9.3.1":5587,"7.0.0-rc.0":5,"7.7.2":15,"6.11.2":368,"10.0.0-pre.0":33,"7.20.3":1686,"5.10.0-next.1":1,"5.10.0-next.0":1,"2.13.4":16,"3.10.8":2332,"1.3.23":17,"2.5.0":49,"7.0.0-beta.13":1,"6.14.14":7968,"6.14.4":8237,"2.15.6":21,"2.0.0-alpha-5":2,"4.0.1":13,"7.19.0":607,"7.20.5":535,"10.5.0":106305,"3.10.9":570,"2.11.0":18,"9.6.6":8163,"8.11.0":13475,"5.0.3":391,"9.1.0":69,"2.6.0":20,"4.4.2":14,"2.8.3":16,"6.14.7":2597,"10.2.3":39080,"7.16.0":1985,"2.14.12":18,"6.11.1":40,"2.14.6":16,"6.14.10":3357,"9.8.0":11839,"4.0.2":34,"9.8.1":118413,"7.23.0":725,"3.8.2":15,"6.13.3":55,"2.13.1":29,"4.6.1":6361,"7.17.0":1612,"1.4.14":24,"7.0.10":33,"10.5.2":69307,"9.2.0":9404,"10.8.1":136796,"1.4.25":14,"9.9.3":74473,"7.0.0-beta.1":1,"7.0.13":14,"2.14.7":22,"6.0.1-next.0":1,"10.2.0":14044,"7.5.4":400,"1.2.30":18,"8.19.3":71141,"10.8.3":185733,"2.1.1":18,"1.3.25":16,"10.4.0":28913,"2.2.0":27,"7.20.1":570,"1.3.2":14,"5.1.0":45067,"10.9.0":162905,"8.5.0":8953,"1.3.10":17,"7.24.1":1842,"3.10.3":227,"1.4.21":111,"7.0.6":17,"1.4.10":14,"1.1.25":18,"7.10.0":1559,"2.14.9":18,"9.6.0":2381,"3.5.4":5054,"4.4.4":26,"3.8.5":25,"1.4.13":14,"7.5.3":214,"4.5.0":899,"7.0.0-rc.1":5,"2.14.18":16,"8.14.0":1060,"3.2.2":173,"3.10.2":31,"1.4.24":14,"7.0.8":69,"2.14.11":16,"7.0.9":15,"3.1.3":15,"2.1.0":19,"6.14.18":281622,"2.7.4":29,"5.5.1":723,"9.1.2":5357,"4.0.0":48,"5.0.4":1115,"6.10.1":386,"6.9.0":10819,"7.0.0-beta.11":1,"7.4.1":15,"7.7.5":89,"6.14.4.tgz?spm=5176.28103460.0.0.40f7451edfcKh8&file=npm-6.14.4":1,"8.5.2":1160,"3.7.1":18,"4.4.3":15,"1.4.7":14,"3.8.3":14,"3.4.1":15,"3.10.4":13,"8.13.1":2769,"8.1.2":10235,"4.1.1":39,"4.2.0":278,"1.3.14":18,"6.14.17":23327,"9.0.0-pre.2":4,"2.1.12":22,"9.9.2":24702,"2.12.1":39,"7.7.4":376,"1.4.27":14,"2.1.13":16,"2.0.0-beta.0":2,"3.9.5":84,"8.5.5":21551,"3.10.7":87,"3.0.0":25,"3.9.4":13,"1.4.17":14,"6.10.2":370,"8.18.0":5846,"7.0.3":47,"4.1.0":17,"3.8.0":21,"3.2.0":36,"1.2.22":16,"1.2.20":19,"7.5.2":562,"2.14.14":16,"7.6.2":87,"2.0.2":21,"1.2.31":16,"1.4.9":14,"2.0.0":19,"8.12.2":2318,"6.5.0":2585,"7.1.2":208,"2.14.2":21,"8.9.0":3234,"6.14.2":1858,"8.7.0":3200,"7.5.6":1564,"6.14.1":250,"2.14.20":16,"6.8.0-next.0":2,"6.13.2":118,"1.3.18":16,"1.4.8":14,"6.4.0-next.0":1,"6.12.0":1530,"8.8.0":1052,"3.3.11":15,"1.3.15":32,"3.5.3":14,"2.15.10":17,"1.4.1":14,"1.4.26":14,"5.4.0":57,"1.3.26":283,"5.7.0":33,"7.12.1":231,"7.0.1":24,"9.6.7":49583,"9.9.0":6605,"6.1.0":1834,"2.3.0":18,"2.15.12":124818,"1.5.0-alpha-4":2,"1.3.21":18,"11.0.0-pre.1":1,"6.4.0":446,"11.0.0-pre.0":1,"6.8.0-next.2":1,"8.0.0":5392,"8.3.1":6186,"9.4.2":3549,"7.11.2":3062,"2.0.0-alpha.6":2,"1.3.0":16,"7.0.0-beta.6":1,"6.10.1-next.2":1,"2.14.5":16,"1.4.3":16,"10.2.4":71267,"3.7.2":21,"6.6.0-next.0":1,"7.6.0":1989,"1.1.71":56,"2.14.8":40,"3.8.1":14,"9.0.0-pre.6":1,"3.4.0":17,"7.21.1":5306,"4.0.3":36,"10.2.2":1453,"2.13.5":23,"2.7.6":39,"7.20.0":356,"6.7.0":3386,"4.6.0":17,"9.9.4":292037,"2.8.1":16,"2.7.2":17,"6.14.3":930,"3.8.8":17,"5.4.2":199,"6.14.13":8820,"10.0.0":4603,"8.4.0":1369,"3.1.0":18,"6.14.0":2885,"7.24.2":221527,"3.7.5":574,"10.1.0":38329,"6.9.0-next.0":1,"6.6.0-next.1":2,"3.3.5":17,"6.10.2-next.3":1,"4.0.5":130,"6.13.6":2548,"6.10.3":917,"8.1.0":6993,"6.14.8":17611,"10.3.0":19308,"9.7.2":33470,"7.20.2":202,"7.4.3":247,"7.0.15":123,"2.11.1":17,"6.10.2-next.2":1,"6.0.0-next.1":2,"1.4.29":819,"7.0.12":14,"8.17.0":2166,"3.10.1":13,"7.0.11":45,"2.1.6":18,"3.3.7":14,"8.12.0":10940,"9.5.1":26599,"1.5.0-alpha-0":2,"1.2.28":16,"6.5.0-next.0":3,"6.14.16.tgz?spm=5176.28103460.0.0.40f7451elLE7EY&file=npm-6.14.16":1,"6.10.2-next.0":1,"1.4.12":29,"6.14.9":3468,"1.1.70":18,"8.19.4":547198,"2.0.0-beta.2":2,"4.4.1":192,"2.12.0":19,"1.4.20":14,"3.7.3":29,"2.13.3":19,"7.4.0":107,"9.6.1":1796,"9.0.0-pre.0":3,"5.9.0-next.0":1,"2.1.11":30,"7.0.0-rc.3":2,"9.0.0-pre.1":1,"6.14.18.tgz?spm=5176.28103460.0.0.732f451eMjhiRm&file=npm-6.14.18":1,"6.12.0-next.0":2,"1.4.11":18,"5.4.1":265,"1.3.20":16,"9.0.0-pre.4":1,"6.4.1-next.0":1,"11.1.0":81814,"8.12.1":11501,"2.14.21":702,"7.0.0-beta.7":3,"3.6.0":47,"9.7.0":38,"3.9.6":79,"3.1.2":18,"1.2.27":17,"6.10.2-next.1":1,"6.10.1-next.0":1,"5.0.0":28,"6.13.5":24,"10.9.1":81562,"6.12.1":1362,"2.15.5":460,"2.10.1":19,"6.2.0-next.1":1,"7.20.4":16,"6.14.12.tgz?spm=5176.28103460.0.0.297c451eTz3JkH&file=npm-6.14.12":1,"2.14.22":30,"3.3.3":15,"6.13.1":820,"5.5.0":20,"4.3.0":40,"1.3.17":16,"2.14.19":16,"8.1.1":599,"7.18.1":3018,"1.4.19":14,"1.4.2":14,"1.5.0-alpha-3":2,"7.0.0-beta.0":1,"2.1.10":16,"2.14.4":39,"7.3.0":175,"6.8.0-next.1":1,"2.1.2":19,"7.9.0":3844,"2.8.0":18,"7.0.0-beta.4":1,"9.6.2":6489,"4.1.2":39,"1.4.16":14,"9.3.0":391,"9.1.3":1869,"1.4.0":16,"6.10.0-next.0":1,"3.8.4":14,"7.0.0-beta.3":1,"7.0.0-beta.9":1,"3.8.7":23,"2.14.1":83,"7.0.0-beta.12":1,"2.0.0-beta.3":4,"10.0.0-pre.1":1,"6.3.0-next.0":1,"6.9.1-next.0":1,"1.5.0-alpha-2":2}}}