{"timestamp":"2025-12-22T00:06:47.474Z","year":2025,"week":51,"response":{"package":"npm","downloads":{"2.0.0-alpha.7":6,"2.14.16":24,"2.14.3":19,"8.3.2":4297,"1.3.6":74,"6.14.12":4662,"2.1.9":27,"9.6.3":2135,"7.1.0":113,"3.10.0":41,"8.19.4":540217,"6.14.9":2242,"4.4.1":145,"7.4.0":184,"9.6.1":939,"1.1.70":31,"2.13.3":48,"1.4.20":25,"3.7.3":32,"2.12.0":23,"1.3.23":25,"2.0.0-beta.2":17,"1.4.12":129,"9.0.0-pre.0":7,"9.5.1":19887,"7.24.1":2003,"2.1.6":43,"1.4.29":486,"3.3.7":22,"7.0.11":95,"3.10.1":28,"1.5.0-alpha-0":6,"8.12.0":9649,"8.17.0":2179,"11.6.2":267762,"7.0.12":116,"7.7.1":32,"2.6.1":38,"3.5.1":40,"8.19.2":32536,"1.2.19":34,"10.2.1":7113,"6.11.3":6088,"6.0.1":307,"1.4.15":21,"7.0.0-beta.5":7,"6.10.2-next.2":9,"2.10.1":47,"5.0.0":135,"6.13.5":309,"6.2.0-next.1":7,"10.9.1":60288,"2.15.5":363,"2.0.0-beta.3":6,"7.20.4":24,"9.0.0-pre.1":7,"1.4.19":22,"11.5.2":76400,"6.14.14":2793,"6.14.4":7019,"6.12.1":905,"2.14.21":1060,"9.7.0":271,"3.9.6":197,"1.4.11":22,"3.6.0":46,"6.4.1-next.0":8,"9.0.0-pre.4":7,"11.1.0":33529,"8.12.1":8704,"1.2.27":83,"2.8.0":24,"5.4.1":66,"1.3.20":35,"7.0.0-beta.7":8,"3.1.2":53,"2.11.3":49,"2.1.7":23,"7.0.0-beta.8":7,"1.3.12":22,"2.0.1":29,"1.3.7":29,"1.3.8":70,"3.3.0":36,"6.14.15":17888,"10.8.2":128996,"6.9.2":1430,"8.13.0":402,"2.1.16":21,"3.9.1":107,"3.8.6":121,"2.9.0":42,"2.1.8":44,"7.7.3":33,"3.9.3":24,"1.4.4":34,"3.3.8":34,"2.7.0":33,"1.1.25":43,"5.10.0":21168,"9.9.1":3111,"7.11.1":1040,"7.0.14":46,"2.14.15":30,"3.10.6":1874,"2.15.4":37,"2.15.3":34,"1.2.24":30,"10.9.2":375315,"11.6.1":49035,"11.0.0":53215,"6.13.4":6221,"8.1.4":4603,"5.8.0":955,"8.16.0":2209,"5.0.1":30,"7.15.1":435,"7.6.1":126,"3.2.1":33,"2.14.11":21,"9.4.1":1113,"2.14.18":23,"7.0.9":38,"3.1.3":50,"6.0.0":234,"2.0.0-alpha.6.0":6,"6.0.0-next.2":7,"5.3.0":559,"1.4.6":123,"9.5.0":21537,"7.14.0":1120,"7.21.0":1210,"2.15.11":991,"3.5.0":28,"2.8.2":28,"2.1.18":76,"3.9.0":70,"7.0.0-beta.10":10,"7.0.0-rc.2":8,"2.8.4":35,"6.14.18.tgz?spm=a2ty_o01.29997173.0.0.10735171r93Vof&file=npm-6.14.18":1,"6.10.2-next.0":7,"7.4.1":38,"10.5.1":9795,"7.22.0":1285,"5.2.0":135,"2.13.0":40,"7.20.6":829,"1.3.5":36,"11.3.0":38907,"7.7.5":172,"6.10.1":1108,"7.0.0-beta.2":7,"3.3.10":46,"2.0.0-beta.1":6,"8.19.0":2197,"6.4.1":14195,"4.0.2":48,"1.3.11":43,"2.15.7":27,"1.4.14":21,"7.6.3":207,"6.10.1-next.1":7,"1.4.5":80,"7.5.1":154,"1.2.23":27,"1.2.21":32,"5.0.2":36,"6.2.0-next.0":7,"3.8.9":41,"7.0.13":32,"10.7.0":62340,"1.2.22":25,"7.2.0":132,"1.4.28":86,"2.10.0":39,"1.2.20":85,"6.5.0-next.0":7,"9.9.3":37447,"8.15.1":3960,"10.5.2":25236,"7.13.0":1822,"2.15.9":136,"7.0.7":41,"3.7.0":58,"2.15.2":159,"3.10.5":45,"11.6.0":34823,"5.7.1":4524,"8.5.3":739,"9.0.1":205,"1.2.8000":63,"9.4.0":1621,"8.13.2":6525,"7.24.0":4394,"7.11.0":553,"3.2.0":42,"1.2.31":22,"1.4.9":39,"3.8.3":37,"6.10.1-next.0":7,"2.14.14":28,"4.1.0":34,"2.0.2":31,"3.10.4":25,"3.4.1":41,"7.7.6":1049,"9.1.1":1341,"3.9.2":1685,"7.15.0":572,"11.2.0":35510,"8.15.0":23813,"3.3.1":24,"1.2.28":28,"1.3.4":161,"9.4.2":3113,"8.3.1":5615,"6.4.0":391,"8.0.0":4098,"3.8.1":34,"4.0.3":55,"10.2.2":787,"7.11.2":2887,"1.3.0":41,"11.0.0-pre.0":14,"6.8.0-next.2":7,"6.6.0-next.0":8,"7.0.0-beta.6":9,"10.2.4":77628,"7.6.0":678,"3.7.2":25,"1.4.3":33,"6.10.1-next.2":7,"7.0.0-beta.9":7,"2.14.5":24,"2.7.3":31,"9.0.0-pre.5":7,"7.4.2":31,"10.9.4":1457368,"5.8.0-next.0":7,"5.6.0":3387,"10.6.0":2524,"6.10.2":1794,"3.5.2":59,"3.3.2":37,"2.4.1":83,"6.11.1":449,"9.0.0-pre.3":7,"8.9.0":14374,"7.1.2":428,"6.5.0":5295,"8.12.2":2058,"6.14.2":2272,"6.8.0-next.0":7,"8.18.0":6744,"3.10.7":75,"7.0.3":271,"3.9.4":26,"3.0.0":60,"1.4.17":21,"1.3.15":26,"7.0.0-beta.3":7,"3.8.4":36,"1.3.18":23,"1.4.26":30,"8.8.0":1296,"6.12.0":1423,"1.4.8":39,"3.3.11":26,"1.3.26":1789,"5.4.0":70,"2.15.10":30,"3.5.3":64,"1.4.1":39,"6.4.0-next.0":7,"6.13.2":399,"7.24.2":193766,"10.1.0":22160,"3.7.5":798,"6.9.0-next.0":7,"5.4.2":261,"1.3.21":25,"1.5.0-alpha-4":7,"7.0.1":147,"7.0.0-beta.12":12,"9.6.7":487281,"2.15.12":80562,"9.9.0":32300,"2.3.0":32,"6.1.0":1793,"7.12.1":177,"1.3.16":26,"10.0.0-pre.1":12,"7.0.0-beta.0":15,"2.14.19":28,"2.14.22":39,"4.3.0":33,"3.3.3":41,"1.4.2":28,"8.1.1":394,"5.5.0":32,"6.10.0":1588,"6.13.1":1015,"6.14.16":17893,"1.3.17":38,"7.5.6":2185,"8.7.0":2045,"6.14.1":1049,"2.0.0":41,"2.14.2":34,"9.0.0-pre.2":8,"2.14.20":56,"8.1.2":10131,"4.1.1":45,"4.2.0":78,"11.4.0":3951,"2.15.0":102,"2.1.4":35,"1.4.0":27,"11.7.0":1526458,"10.8.0":15872,"2.1.17":34,"2.7.1":35,"9.6.2":3574,"9.3.0":2107,"9.1.3":2272,"4.1.2":61,"1.4.16":24,"9.0.0-pre.6":7,"6.10.0-next.0":7,"3.4.0":29,"7.21.1":7286,"2.14.8":503,"1.1.71":136,"2.7.4":57,"6.14.18":291675,"5.5.1":1056,"3.8.7":34,"6.9.1-next.0":7,"2.14.1":55,"7.7.2":33,"1.5.0-alpha-2":6,"3.7.4":32,"9.3.1":4186,"3.3.9":28,"1.4.22":24,"1.3.13":32,"4.4.4":49,"6.10.2-next.1":7,"8.13.1":3936,"3.8.5":47,"3.7.1":39,"4.4.3":26,"1.4.7":28,"9.6.0":6332,"4.5.0":199,"3.5.4":4403,"2.14.9":35,"10.0.0":8698,"6.14.0":3247,"8.4.0":1788,"11.6.3":38768,"6.14.13":9368,"3.1.0":43,"2.0.0-beta.0":6,"2.12.1":38,"9.9.2":15057,"8.5.5":20414,"2.14.4":25,"7.9.0":672,"7.3.0":245,"7.0.0-beta.4":23,"2.1.2":53,"2.1.10":30,"6.8.0-next.1":7,"9.0.0":2181,"6.13.0":642,"2.7.5":33,"6.6.0":258,"5.0.4":101,"7.0.0-beta.11":7,"11.4.1":18696,"6.9.0":13188,"8.5.2":449,"4.0.0":56,"7.0.5":416,"2.14.10":17239,"6.14.8":13048,"10.3.0":13683,"9.7.2":16615,"2.11.1":35,"6.10.3":1492,"4.0.5":175,"7.0.15":74,"8.2.0":730,"7.0.4":59,"3.3.5":22,"6.10.2-next.3":7,"6.13.6":2236,"8.1.0":5402,"7.4.3":330,"7.20.2":112,"3.2.2":140,"3.10.2":64,"7.0.8":81,"1.3.24":28,"11.4.2":57168,"7.0.0":1326,"7.5.5":53,"7.0.0-rc.1":7,"1.4.24":17,"2.1.0":41,"9.6.4":7043,"8.10.0":3357,"8.14.0":1367,"7.7.0":119,"7.18.0":50,"2.13.5":31,"2.1.14":22,"7.19.1":1738,"9.9.4":336607,"7.20.0":618,"6.14.3":993,"2.7.6":69,"2.8.1":30,"3.8.8":58,"6.7.0":1125,"4.6.0":33,"2.7.2":25,"1.5.0-alpha-3":6,"1.3.22":35,"7.8.0":718,"1.2.32":19,"7.0.10":34,"2.15.1":1032,"8.6.0":9338,"7.0.0-rc.0":32,"6.11.2":1313,"9.8.1":145339,"7.23.0":1051,"2.14.6":32,"6.13.3":113,"3.8.2":37,"2.14.13":22,"1.4.10":24,"2.2.0":45,"1.3.2":42,"7.20.1":592,"10.9.0":98101,"10.4.0":14978,"5.1.0":25082,"8.3.0":6847,"6.14.5":6283,"1.3.9":28,"3.3.4":21,"3.10.10":21116,"1.2.25":29,"7.1.1":38,"9.6.5":10914,"9.7.1":8026,"2.1.3":39,"2.14.0":36,"2.1.5":53,"1.5.0-alpha-1":6,"7.0.0-rc.3":6,"7.20.5":401,"3.10.9":1342,"11.5.0":319,"7.19.0":2129,"4.0.1":59,"2.15.6":27,"2.0.0-alpha-5":6,"10.5.0":99419,"3.9.5":89,"2.11.0":41,"2.9.1":50,"2.1.1":27,"1.2.30":29,"1.3.25":22,"10.2.0":71295,"7.5.4":629,"8.5.1":1186,"6.0.1-next.0":7,"8.19.3":85751,"10.8.3":145095,"2.14.7":44,"6.0.0-next.0":7,"6.11.0":65,"7.0.0-rc.4":8,"5.10.0-next.1":8,"5.10.0-next.0":7,"2.13.4":30,"7.20.3":1389,"6.14.17":21974,"1.3.14":31,"10.0.0-pre.0":17,"5.9.0-next.0":7,"3.10.8":1440,"2.5.0":26,"2.15.8":38,"1.4.18":49,"6.14.6":6134,"6.1.0-next.0":7,"9.1.2":3701,"2.4.0":30,"7.12.0":289,"5.7.0":64,"11.0.0-pre.1":59,"6.8.0":613,"6.13.7":5844,"7.0.2":173,"2.14.17":29,"2.14.12":38,"7.16.0":906,"6.2.0":314,"8.4.1":3564,"6.3.0":645,"10.9.3":336077,"11.5.1":17941,"6.14.7":4923,"6.6.0-next.1":8,"9.6.6":11768,"8.11.0":11855,"2.6.0":32,"2.8.3":29,"10.2.3":53437,"9.1.0":10100,"5.0.3":365,"4.4.2":34,"7.5.2":492,"7.6.2":93,"3.8.0":30,"3.1.1":63,"4.4.0":27,"1.3.1":33,"2.11.2":24,"6.0.0-next.1":7,"2.5.1":135,"6.14.11":15516,"7.5.0":714,"11.6.4":222639,"8.19.1":8161,"8.1.3":1290,"2.13.2":18,"3.3.6":29,"10.8.1":63374,"1.4.25":31,"1.4.23":88,"2.1.15":26,"2.1.11":68,"7.0.0-beta.1":6,"9.2.0":21014,"3.10.3":178,"8.5.0":8654,"7.10.0":2061,"1.4.13":25,"6.12.0-next.0":7,"7.0.6":56,"7.5.3":175,"1.4.21":182,"1.3.10":24,"2.0.0-alpha.6":6,"2.1.13":19,"1.4.27":29,"2.1.12":138,"7.7.4":378,"6.3.0-next.0":7,"7.18.1":2256,"7.17.0":1210,"2.13.1":165,"4.6.1":2784,"9.8.0":29360,"6.14.10":2788,"10.2.5":18185,"8.5.4":8304,"3.3.12":62,"7.0.0-beta.13":10}}}